ticker,open,high,low,volume,date,0,1,2,3,4,5,6,7,8,9,10,11,12,13,14,15,16,17,18,19,20,21,22,23,24,25,26,27,28,29,30,31,32,33,34,35,36,37,38,39,40,41,42,43,44,45,46,47,48,49,50,51,52,53,54,55,56,57,58,59,60,61,62,63,64,65,66,67,68,69,70,71,72,73,74,75,76,77,78,79,80,81
,,,,,,"     ticker       open       high        low    volume       date
0      ATVI   3.346585   3.375340   3.244075   5456254 2001-12-31
1      ATVI   3.277830   3.304080   3.099060  10247776 2002-01-02
2      ATVI   3.282830   3.349085   3.195320   8134386 2002-01-03
3      ATVI   3.375340   3.462845   3.297830   9904610 2002-01-04
4      ATVI   3.381590   3.424090   3.246575   7574442 2002-01-07
...     ...        ...        ...        ...       ...        ...
5010   ATVI  63.260000  64.120000  63.140000  15089729 2021-12-22
5011   ATVI  64.010000  65.389000  63.855000   8721730 2021-12-23
5012   ATVI  65.240000  65.735000  65.000000  10644483 2021-12-27
5013   ATVI  66.055600  67.590000  65.600000  13815530 2021-12-28
5014   ATVI  66.570000  67.180000  66.190000   9051504 2021-12-29

[5015 rows x 6 columns]","     ticker      open     high       low    volume       date
0      ADBE   16.1250   16.145   15.5200   3769200 2001-12-31
1      ADBE   15.5700   16.000   15.0950   6320600 2002-01-02
2      ADBE   15.9100   16.775   15.5000   6766600 2002-01-03
3      ADBE   18.0550   18.470   17.5600  16557800 2002-01-04
4      ADBE   18.3750   18.625   17.8900   7604000 2002-01-07
...     ...       ...      ...       ...       ...        ...
5030   ADBE  560.3000  564.920  552.2400   4526208 2021-12-22
5031   ADBE  568.9600  572.570  566.1601   2147722 2021-12-23
5032   ADBE  575.0400  580.880  572.0900   1980504 2021-12-27
5033   ADBE  582.8400  582.880  568.3500   2108375 2021-12-28
5034   ADBE  573.3291  576.960  562.7800   2484190 2021-12-29

[5035 rows x 6 columns]","     ticker    open      high     low   volume       date
0       APD   46.82   47.1400   46.79   917700 2001-12-31
1       APD   47.00   47.0000   46.25   782000 2002-01-02
2       APD   47.00   47.1500   46.58  1842900 2002-01-03
3       APD   47.00   47.5300   46.78  2191100 2002-01-04
4       APD   47.61   47.9900   47.40  4097800 2002-01-07
...     ...     ...       ...     ...      ...        ...
5032    APD  295.05  297.2600  294.20   430345 2021-12-22
5033    APD  297.40  300.5650  297.40   344736 2021-12-23
5034    APD  301.42  302.3550  298.78   413629 2021-12-27
5035    APD  303.15  304.3494  301.81   354551 2021-12-28
5036    APD  305.98  306.1600  304.04   499673 2021-12-29

[5037 rows x 6 columns]","     ticker     open     high      low   volume       date
0       ALK   7.3125   7.4350   7.2750   532000 2001-12-31
1       ALK   7.2875   7.3325   7.0250   798400 2002-01-02
2       ALK   7.2500   7.5000   7.2125  1114800 2002-01-03
3       ALK   7.5250   8.0000   7.5075  1569200 2002-01-04
4       ALK   7.9500   7.9750   7.8025   644800 2002-01-07
...     ...      ...      ...      ...      ...        ...
5032    ALK  52.2400  52.7200  51.5700  1605019 2021-12-22
5033    ALK  53.0000  53.2900  52.4000  1996069 2021-12-23
5034    ALK  51.8300  52.9695  51.4400  1474734 2021-12-27
5035    ALK  52.1000  53.4000  51.9800  1292951 2021-12-28
5036    ALK  52.4100  52.5100  51.8350  1429592 2021-12-29

[5037 rows x 6 columns]","     ticker      open      high       low   volume       date
0       ABC   16.0500   16.0500   15.8000  2054400 2001-12-31
1       ABC   15.8875   15.9100   15.4750  3336800 2002-01-02
2       ABC   15.6500   15.6525   15.2000  4821200 2002-01-03
3       ABC   15.3625   15.3650   14.7025  7660800 2002-01-04
4       ABC   15.1000   15.2125   14.4900  8615600 2002-01-07
...     ...       ...       ...       ...      ...        ...
5032    ABC  127.3500  128.6550  126.6100   602694 2021-12-22
5033    ABC  128.3000  129.9200  127.7500   717817 2021-12-23
5034    ABC  129.9200  132.1500  129.6001   497696 2021-12-27
5035    ABC  131.7600  132.8500  131.5000   602175 2021-12-28
5036    ABC  132.3600  133.6650  132.1900   787708 2021-12-29

[5037 rows x 6 columns]","     ticker      open     high       low   volume       date
0      ANSS    6.7175    6.720    6.1525   605600 2001-12-31
1      ANSS    6.1225    6.175    5.5600   963600 2002-01-02
2      ANSS    5.9700    6.280    5.9050  1044400 2002-01-03
3      ANSS    6.3175    6.600    6.2475   455200 2002-01-04
4      ANSS    6.3850    6.430    6.2000   495600 2002-01-07
...     ...       ...      ...       ...      ...        ...
5030   ANSS  397.3400  401.260  395.2600   225780 2021-12-22
5031   ANSS  401.0000  404.985  398.4000   177965 2021-12-23
5032   ANSS  404.6800  411.220  402.8300   183086 2021-12-27
5033   ANSS  413.2200  413.220  407.7600   204206 2021-12-28
5034   ANSS  410.0000  411.000  405.4600   222075 2021-12-29

[5035 rows x 6 columns]","     ticker      open      high      low    volume       date
0      AMAT   20.8050   20.9650   20.050  14531800 2001-12-31
1      AMAT   20.4250   20.8400   20.115  19281600 2002-01-02
2      AMAT   20.9200   22.9300   20.915  44667600 2002-01-03
3      AMAT   22.8750   23.1150   22.225  29398400 2002-01-04
4      AMAT   22.8950   23.1850   22.310  25323600 2002-01-07
...     ...       ...       ...      ...       ...        ...
5030   AMAT  149.9737  152.4400  148.920   4293732 2021-12-22
5031   AMAT  153.0700  156.5400  153.000   4625522 2021-12-23
5032   AMAT  156.1850  162.8100  156.185   6421440 2021-12-27
5033   AMAT  162.8500  162.9917  158.750   5836693 2021-12-28
5034   AMAT  159.9000  163.0200  159.550   4654409 2021-12-29

[5035 rows x 6 columns]","     ticker    open     high     low   volume       date
0      ASML   17.40   17.400   16.99   308700 2001-12-31
1      ASML   17.55   17.820   17.14  1854400 2002-01-02
2      ASML   18.00   19.340   18.00  2028400 2002-01-03
3      ASML   19.57   19.650   18.75  2236600 2002-01-04
4      ASML   19.37   19.460   18.89  4302500 2002-01-07
...     ...     ...      ...     ...      ...        ...
5010   ASML  777.80  792.120  775.00   534970 2021-12-22
5011   ASML  794.64  805.720  794.08   496784 2021-12-23
5012   ASML  794.40  813.590  794.36   527705 2021-12-27
5013   ASML  817.30  817.300  803.09   548626 2021-12-28
5014   ASML  798.11  805.235  794.40   404983 2021-12-29

[5015 rows x 6 columns]","     ticker    open     high     low    volume       date
0      TEAM   27.67   28.500   26.50  15009116 2015-12-10
1      TEAM   27.85   28.500   27.48   2286063 2015-12-11
2      TEAM   27.50   27.860   26.11   1227198 2015-12-14
3      TEAM   26.39   26.949   26.30   1086535 2015-12-15
4      TEAM   26.75   26.950   26.47    484321 2015-12-16
...     ...     ...      ...     ...       ...        ...
1519   TEAM  382.32  395.000  379.27   2238181 2021-12-22
1520   TEAM  386.22  389.490  380.51   1087112 2021-12-23
1521   TEAM  390.59  397.780  389.45    758168 2021-12-27
1522   TEAM  395.37  399.103  386.12    649175 2021-12-28
1523   TEAM  388.61  389.270  376.44    627587 2021-12-29

[1524 rows x 6 columns]","     ticker      open      high       low   volume       date
0      ADSK    9.3225    9.5450    9.3075  1738800 2001-12-31
1      ADSK    9.3500    9.4050    9.0500  2544000 2002-01-02
2      ADSK    9.2625    9.6550    9.2500  3646800 2002-01-03
3      ADSK    9.6650    9.7700    9.5400  2804400 2002-01-04
4      ADSK    9.6725    9.9000    9.6700  2500400 2002-01-07
...     ...       ...       ...       ...      ...        ...
5030   ADSK  280.6500  284.5150  279.0000   979654 2021-12-22
5031   ADSK  282.1300  283.5200  280.2000  1079189 2021-12-23
5032   ADSK  282.9500  285.3799  281.2600   721705 2021-12-27
5033   ADSK  285.0000  285.3700  281.6100   681840 2021-12-28
5034   ADSK  282.7700  283.3900  279.2600   547754 2021-12-29

[5035 rows x 6 columns]","     ticker    open      high      low   volume       date
0        AN   12.59   12.7400   12.100   981700 2001-12-31
1        AN   12.24   12.6100   12.080  1214100 2002-01-02
2        AN   12.25   12.4300   12.160   632200 2002-01-03
3        AN   12.30   12.7400   12.260   825000 2002-01-04
4        AN   12.50   12.7500   12.440   945000 2002-01-07
...     ...     ...       ...      ...      ...        ...
5032     AN  112.37  114.4699  111.360  1145046 2021-12-22
5033     AN  111.28  112.6200  110.065   507850 2021-12-23
5034     AN  112.45  114.7200  111.180   751623 2021-12-27
5035     AN  112.82  113.9700  112.470   819528 2021-12-28
5036     AN  113.19  113.6600  112.610  1271032 2021-12-29

[5037 rows x 6 columns]","     ticker       open       high        low   volume       date
0       BLL   4.408125   4.492500   4.408125  4235200 2001-12-31
1       BLL   4.415625   4.415625   4.328125  2977600 2002-01-02
2       BLL   4.406250   4.487500   4.394375  5240000 2002-01-03
3       BLL   4.460625   4.625000   4.460625  3576000 2002-01-04
4       BLL   4.560000   4.623750   4.484375  3990400 2002-01-07
...     ...        ...        ...        ...      ...        ...
5032    BLL  89.900000  90.425000  89.540000  1460492 2021-12-22
5033    BLL  90.240000  90.580000  89.830000  1533894 2021-12-23
5034    BLL  90.330000  91.940000  90.140000  1244478 2021-12-27
5035    BLL  92.600000  94.310000  92.180000  1330053 2021-12-28
5036    BLL  94.510000  95.620000  94.458000  1210702 2021-12-29

[5037 rows x 6 columns]","     ticker    open      high     low  volume       date
0       BLK   41.76   41.7600   41.47   11000 2001-12-31
1       BLK   41.78   41.7800   41.14   56200 2002-01-02
2       BLK   41.46   41.9000   41.25   34500 2002-01-03
3       BLK   41.32   42.5500   41.32   29000 2002-01-04
4       BLK   41.92   41.9200   41.40   41600 2002-01-07
...     ...     ...       ...     ...     ...        ...
5032    BLK  911.56  918.2685  908.02  350349 2021-12-22
5033    BLK  913.78  923.3400  912.09  416330 2021-12-23
5034    BLK  918.80  923.1300  912.00  411224 2021-12-27
5035    BLK  923.78  929.0550  921.13  385197 2021-12-28
5036    BLK  921.27  922.9600  907.68  391955 2021-12-29

[5037 rows x 6 columns]","     ticker      open    high       low    volume       date
0      AVGO   16.5000   16.91   15.5600  24198409 2009-08-06
1      AVGO   16.1500   16.76   16.0300   2454272 2009-08-07
2      AVGO   16.6300   16.63   15.6100   2420915 2009-08-10
3      AVGO   15.9800   16.00   15.5000   2305371 2009-08-11
4      AVGO   16.1500   16.20   15.6600   1451293 2009-08-12
...     ...       ...     ...       ...       ...        ...
3117   AVGO  643.3200  657.16  639.2600   2838293 2021-12-22
3118   AVGO  656.1300  670.73  656.1300   2359625 2021-12-23
3119   AVGO  664.8000  676.30  664.4600   1944503 2021-12-27
3120   AVGO  677.5500  677.76  667.0301   1725041 2021-12-28
3121   AVGO  669.7965  677.00  669.1200   1479957 2021-12-29

[3122 rows x 6 columns]","     ticker    open     high       low   volume       date
0      CDNS   22.40   22.450   21.8100  1460100 2001-12-31
1      CDNS   22.00   22.100   21.0500  2196800 2002-01-02
2      CDNS   21.41   22.280   21.3800  2457400 2002-01-03
3      CDNS   22.35   22.460   21.9100  1059700 2002-01-04
4      CDNS   22.15   22.350   21.5500  1655100 2002-01-07
...     ...     ...      ...       ...      ...        ...
5028   CDNS  182.92  186.680  182.5800   887369 2021-12-22
5029   CDNS  186.59  188.665  185.9500   752898 2021-12-23
5030   CDNS  188.89  191.860  187.6300   933720 2021-12-27
5031   CDNS  192.70  192.700  189.3200  1025251 2021-12-28
5032   CDNS  190.22  190.775  188.1786  1092547 2021-12-29

[5033 rows x 6 columns]","     ticker    open    high     low  volume       date
0       CRS  13.270  13.475  13.115  154000 2001-12-31
1       CRS  13.245  13.245  12.875  130200 2002-01-02
2       CRS  13.075  13.175  12.970  109400 2002-01-03
3       CRS  13.000  13.315  13.000  164400 2002-01-04
4       CRS  13.100  13.425  13.100  102200 2002-01-07
...     ...     ...     ...     ...     ...        ...
5030    CRS  29.580  29.830  28.450  394208 2021-12-22
5031    CRS  28.830  29.070  28.340  257350 2021-12-23
5032    CRS  29.000  30.340  28.480  360246 2021-12-27
5033    CRS  30.080  30.320  29.400  252108 2021-12-28
5034    CRS  30.070  30.145  29.580  243373 2021-12-29

[5035 rows x 6 columns]","     ticker      open      high       low    volume       date
0       CLF   2.19125   2.29375   2.18125    317600 2001-12-31
1       CLF   2.28750   2.31250   2.25625    176800 2002-01-02
2       CLF   2.31250   2.35125   2.31250    154400 2002-01-03
3       CLF   2.32500   2.39625   2.32375    284000 2002-01-04
4       CLF   2.35625   2.38000   2.34375    241600 2002-01-07
...     ...       ...       ...       ...       ...        ...
5031    CLF  19.83000  20.26700  19.70000  11624791 2021-12-22
5032    CLF  20.09000  20.41610  19.95500  11832385 2021-12-23
5033    CLF  20.30000  20.75990  20.13900   9347972 2021-12-27
5034    CLF  20.54000  21.06000  20.36000  11926473 2021-12-28
5035    CLF  20.93000  21.13990  20.69000   8834802 2021-12-29

[5036 rows x 6 columns]","     ticker   open   high    low   volume       date
0      CVLT  16.00  17.14  14.74  8588570 2006-09-22
1      CVLT  16.95  16.95  16.20  1085800 2006-09-25
2      CVLT  16.35  16.75  15.55   707900 2006-09-26
3      CVLT  15.88  16.65  15.88   305400 2006-09-27
4      CVLT  16.49  17.25  15.96   354100 2006-09-28
...     ...    ...    ...    ...      ...        ...
3839   CVLT  68.02  68.72  67.70   163839 2021-12-22
3840   CVLT  68.63  69.43  64.50   161056 2021-12-23
3841   CVLT  68.07  70.22  67.91   167557 2021-12-27
3842   CVLT  70.13  70.14  68.83   185285 2021-12-28
3843   CVLT  69.82  70.88  69.18   165663 2021-12-29

[3844 rows x 6 columns]","     ticker     open      high       low    volume       date
0      CROX   15.000   16.2500   14.0700  23813956 2006-02-08
1      CROX   14.620   14.6700   13.0600   4463800 2006-02-09
2      CROX   13.500   13.7700   13.0100   1800400 2006-02-10
3      CROX   13.250   14.1250   13.1950   1701800 2006-02-13
4      CROX   13.875   14.2350   13.8750   2553800 2006-02-14
...     ...      ...       ...       ...       ...        ...
3996   CROX  139.000  140.9000  137.3653   1171336 2021-12-22
3997   CROX  131.840  132.9600  115.8512   9532902 2021-12-23
3998   CROX  124.010  128.6900  121.8100   3205904 2021-12-27
3999   CROX  128.800  133.3100  127.2624   2565497 2021-12-28
4000   CROX  128.030  131.5532  126.5700   1275660 2021-12-29

[4001 rows x 6 columns]","     ticker    open    high     low    volume       date
0       DAL   0.620   0.650   0.600   4137800 2006-04-19
1       DAL   0.620   0.650   0.600   4137800 2006-04-21
2       DAL   0.620   0.650   0.600   4137800 2006-05-29
3       DAL  21.750  21.950  20.550   8069800 2007-05-03
4       DAL  21.250  21.350  20.700   5450100 2007-05-04
...     ...     ...     ...     ...       ...        ...
3690    DAL  38.485  39.470  38.170  11719494 2021-12-22
3691    DAL  39.720  39.890  38.995   8478149 2021-12-23
3692    DAL  38.260  39.180  37.860  10897565 2021-12-27
3693    DAL  38.780  39.834  38.520   9982682 2021-12-28
3694    DAL  39.330  39.490  38.990   7311786 2021-12-29

[3695 rows x 6 columns]","     ticker   open     high      low   volume       date
0       DVN  19.24  19.3900  19.0150  1169200 2001-12-31
1       DVN  18.89  19.1150  18.0900  2268600 2002-01-02
2       DVN  18.64  19.0350  18.4350  1628600 2002-01-03
3       DVN  18.49  18.7950  18.3650  1302400 2002-01-04
4       DVN  18.99  19.4900  18.8150  2123400 2002-01-07
...     ...    ...      ...      ...      ...        ...
5031    DVN  41.31  42.9000  40.7000  7569792 2021-12-22
5032    DVN  42.52  42.7800  41.9700  5399872 2021-12-23
5033    DVN  41.93  44.7500  41.3112  8188050 2021-12-27
5034    DVN  44.90  45.3500  44.0950  6375649 2021-12-28
5035    DVN  44.26  45.0899  43.9300  7497772 2021-12-29

[5036 rows x 6 columns]","     ticker       open       high        low   volume       date
0        DD  48.394064  48.934939  48.080926  2305960 2001-12-31
1        DD  48.394064  49.006106  48.066692  2536049 2002-01-02
2        DD  48.536399  50.529096  47.967057  5920800 2002-01-03
3        DD  51.155372  52.664128  50.970336  6108104 2002-01-04
4        DD  52.664128  52.664128  50.714132  3147914 2002-01-07
...     ...        ...        ...        ...      ...        ...
5031     DD  76.350000  77.050000  75.985000  1444378 2021-12-22
5032     DD  77.470000  79.000000  77.000000  2456546 2021-12-23
5033     DD  78.600000  79.860000  78.435000  1937434 2021-12-27
5034     DD  79.570000  80.850000  79.520000  2105432 2021-12-28
5035     DD  80.300000  81.180000  80.300000  1126093 2021-12-29

[5036 rows x 6 columns]","     ticker    open     high     low  volume       date
0      FICO   21.20   22.250   21.01  415115 2009-08-18
1      FICO   21.34   22.550   21.04  346132 2009-08-19
2      FICO   22.41   23.450   22.40  555223 2009-08-20
3      FICO   23.49   24.220   23.12  696899 2009-08-21
4      FICO   24.17   24.330   23.86  505271 2009-08-24
...     ...     ...      ...     ...     ...        ...
3109   FICO  423.37  434.000  423.37  204731 2021-12-22
3110   FICO  430.00  436.985  429.26  143413 2021-12-23
3111   FICO  435.99  438.310  430.50  163566 2021-12-27
3112   FICO  432.88  436.760  430.95  219213 2021-12-28
3113   FICO  435.00  440.890  433.10  179282 2021-12-29

[3114 rows x 6 columns]","     ticker    open     high     low   volume       date
0       FDX   52.20   52.490   51.88   990100 2001-12-31
1       FDX   51.70   52.200   50.25  2178000 2002-01-02
2       FDX   51.10   52.330   51.04  2056500 2002-01-03
3       FDX   52.35   55.200   52.30  2848900 2002-01-04
4       FDX   53.63   55.750   53.63  2864900 2002-01-07
...     ...     ...      ...     ...      ...        ...
5031    FDX  252.35  252.740  249.30  2324274 2021-12-22
5032    FDX  250.87  256.230  250.65  2099323 2021-12-23
5033    FDX  254.99  257.200  254.35  1481667 2021-12-27
5034    FDX  256.02  258.360  255.48  1342626 2021-12-28
5035    FDX  256.48  258.505  256.24  1467378 2021-12-29

[5036 rows x 6 columns]","     ticker    open    high      low   volume       date
0       FIS   36.25   36.70   36.230   187400 2005-03-14
1       FIS   37.48   37.85   37.320   117800 2005-05-31
2       FIS   36.99   38.15   36.970  1705200 2005-10-31
3       FIS   38.35   38.78   37.880   628900 2005-11-04
4       FIS   41.50   41.50   39.260  1376800 2006-02-01
...     ...     ...     ...      ...      ...        ...
4006    FIS  109.65  110.91  108.740  2163280 2021-12-22
4007    FIS  109.78  110.24  109.020  2598538 2021-12-23
4008    FIS  109.03  109.11  106.500  2699269 2021-12-27
4009    FIS  108.54  110.51  107.670  2253537 2021-12-28
4010    FIS  109.06  110.10  108.705  1601024 2021-12-29

[4011 rows x 6 columns]","     ticker    open     high       low    volume       date
0      FIVE   26.05   29.430   25.0000  10460565 2012-07-19
1      FIVE   26.21   29.400   26.1000    969181 2012-07-20
2      FIVE   27.24   28.240   26.7700    233351 2012-07-23
3      FIVE   28.35   29.350   27.3000    343441 2012-07-24
4      FIVE   27.91   28.230   26.9200    426061 2012-07-25
...     ...     ...      ...       ...       ...        ...
2373   FIVE  186.92  190.340  185.2280    802945 2021-12-22
2374   FIVE  193.22  195.730  191.6500    969358 2021-12-23
2375   FIVE  195.45  199.000  194.1900    517290 2021-12-27
2376   FIVE  196.73  200.545  195.4100    432184 2021-12-28
2377   FIVE  195.81  208.470  195.3793    677573 2021-12-29

[2378 rows x 6 columns]","     ticker    open     high      low    volume       date
0       FCX   6.475   6.8500   6.4500   1270400 2001-12-31
1       FCX   6.625   6.6750   6.5500    980800 2002-01-02
2       FCX   6.675   6.6850   6.5300   1362000 2002-01-03
3       FCX   6.600   6.7600   6.5550   1357600 2002-01-04
4       FCX   6.625   6.9400   6.6250   1730200 2002-01-07
...     ...     ...      ...      ...       ...        ...
5030    FCX  39.185  40.1700  39.0000  13244466 2021-12-22
5031    FCX  39.920  41.2860  39.8400  17727514 2021-12-23
5032    FCX  41.000  42.0399  40.6300  11411800 2021-12-27
5033    FCX  41.800  42.2400  41.6400  10838275 2021-12-28
5034    FCX  41.690  42.2100  41.4175  14596218 2021-12-29

[5035 rows x 6 columns]","     ticker    open     high      low   volume       date
0        GD   39.55   40.175   39.515  1781400 2001-12-31
1        GD   39.75   40.025   39.380  2150000 2002-01-02
2        GD   40.13   40.800   40.000  1856200 2002-01-03
3        GD   40.90   41.675   40.800  1849600 2002-01-04
4        GD   41.70   42.150   41.425  2779000 2002-01-07
...     ...     ...      ...      ...      ...        ...
5031     GD  203.43  204.890  203.270   608487 2021-12-22
5032     GD  204.84  205.850  203.780   665810 2021-12-23
5033     GD  205.07  207.210  204.540   849230 2021-12-27
5034     GD  206.50  208.870  206.500   899558 2021-12-28
5035     GD  207.77  208.560  206.130   715715 2021-12-29

[5036 rows x 6 columns]","     ticker   open     high    low    volume       date
0         G  56.41  58.2000  56.12   8181300 2006-04-19
1         G  56.41  58.2000  56.12   8181300 2006-04-21
2         G  56.41  58.2000  56.12   8181300 2006-05-29
3         G  14.00  17.1000  13.63  18495200 2007-08-02
4         G  16.30  17.0000  15.25   1704500 2007-08-03
...     ...    ...      ...    ...       ...        ...
3627      G  51.53  52.4900  51.53    560777 2021-12-22
3628      G  52.50  53.0700  52.32    550322 2021-12-23
3629      G  52.56  53.1299  52.44    589380 2021-12-27
3630      G  52.99  53.5000  52.99    328476 2021-12-28
3631      G  53.31  53.8150  53.12    336572 2021-12-29

[3632 rows x 6 columns]","     ticker    open      high     low  volume       date
0       GPI   28.55   29.8900   28.50  286300 2001-12-31
1       GPI   28.74   29.2000   27.60  350700 2002-01-02
2       GPI   27.95   28.6000   27.95  279400 2002-01-03
3       GPI   28.36   29.3900   28.36  292600 2002-01-04
4       GPI   29.50   30.1800   28.70  359500 2002-01-07
...     ...     ...       ...     ...     ...        ...
5031    GPI  189.14  190.7599  185.81  160213 2021-12-22
5032    GPI  188.00  188.8950  185.03  139571 2021-12-23
5033    GPI  189.50  193.3000  188.65  103327 2021-12-27
5034    GPI  189.14  193.4900  189.14   73229 2021-12-28
5035    GPI  192.75  194.4700  191.08  149398 2021-12-29

[5036 rows x 6 columns]","     ticker    open     high     low   volume       date
0      HSBC  59.650  59.8200  59.500    38500 2001-12-31
1      HSBC  59.460  59.9000  59.100   111000 2002-01-02
2      HSBC  60.200  60.9000  60.060   148800 2002-01-03
3      HSBC  61.750  61.9900  61.410   122300 2002-01-04
4      HSBC  61.000  61.2500  60.650   150900 2002-01-07
...     ...     ...      ...     ...      ...        ...
5031   HSBC  29.480  29.6458  29.415  1929170 2021-12-22
5032   HSBC  29.890  30.0950  29.850  1770637 2021-12-23
5033   HSBC  29.935  30.1100  29.750  1317215 2021-12-27
5034   HSBC  29.890  30.3200  29.890  2098370 2021-12-28
5035   HSBC  30.270  30.3500  30.140  2267491 2021-12-29

[5036 rows x 6 columns]","     ticker      open      high       low   volume       date
0         J   16.7750   16.7750   16.3750   622000 2001-12-31
1         J   16.4375   16.5500   16.0625   800400 2002-01-02
2         J   16.2300   16.5500   16.1875  1212000 2002-01-03
3         J   16.5375   16.8775   16.4250   638000 2002-01-04
4         J   16.5750   16.6500   16.2050   590400 2002-01-07
...     ...       ...       ...       ...      ...        ...
5031      J  134.5000  134.9300  133.1250   550499 2021-12-22
5032      J  134.8100  137.9020  134.8100   365743 2021-12-23
5033      J  138.0000  139.0100  136.8800   337878 2021-12-27
5034      J  139.1100  140.5400  138.6400   325647 2021-12-28
5035      J  140.2000  141.2200  138.2400   418687 2021-12-29

[5036 rows x 6 columns]","     ticker      open      high       low  volume       date
0       KNX   8.44931   8.52043   8.26708  583846 2001-12-31
1       KNX   8.39598   8.60043   8.37820  356157 2002-01-02
2       KNX   8.54265   8.66710   8.44487  689816 2002-01-03
3       KNX   8.59154   9.08045   8.57821  621419 2002-01-04
4       KNX   9.14712   9.44492   9.09379  798935 2002-01-07
...     ...       ...       ...       ...     ...        ...
5031    KNX  58.46000  58.71000  58.00000  663578 2021-12-22
5032    KNX  58.33000  59.10000  58.16000  831406 2021-12-23
5033    KNX  59.12000  61.09000  59.12000  955295 2021-12-27
5034    KNX  60.80000  61.36000  60.75000  701681 2021-12-28
5035    KNX  61.05000  61.81000  60.83000  698847 2021-12-29

[5036 rows x 6 columns]","     ticker     open     high      low   volume       date
0        LH   39.875   40.495   39.825   529400 2001-12-31
1        LH   40.300   40.300   38.900  1160400 2002-01-02
2        LH   39.005   39.200   38.570  1040400 2002-01-03
3        LH   38.775   39.475   38.700   539400 2002-01-04
4        LH   39.500   39.595   38.775   974000 2002-01-07
...     ...      ...      ...      ...      ...        ...
5031     LH  303.790  308.320  302.835   656502 2021-12-22
5032     LH  306.230  306.650  298.500  1201745 2021-12-23
5033     LH  305.110  307.740  303.225  1069609 2021-12-27
5034     LH  307.400  309.870  306.790   429333 2021-12-28
5035     LH  309.260  310.845  305.600  1012078 2021-12-29

[5036 rows x 6 columns]","     ticker     open      high       low   volume       date
0       LEN   23.925   24.0750   23.3500  1054000 2001-12-31
1       LEN   23.415   23.5750   22.5100  1596800 2002-01-02
2       LEN   22.900   23.4600   22.4750  2123600 2002-01-03
3       LEN   22.750   23.2500   22.5000  2740400 2002-01-04
4       LEN   23.150   23.6400   22.9200  1677600 2002-01-07
...     ...      ...       ...       ...      ...        ...
5031    LEN  108.920  112.4500  108.8818  2096526 2021-12-22
5032    LEN  112.710  112.9771  111.2700  1446976 2021-12-23
5033    LEN  112.860  113.5000  111.8100  1279123 2021-12-27
5034    LEN  113.500  115.1100  113.3700  1225302 2021-12-28
5035    LEN  114.490  116.7200  114.4900  1264168 2021-12-29

[5036 rows x 6 columns]","     ticker    open    high       low   volume       date
0       LMT   46.95   47.15   46.6500   927300 2001-12-31
1       LMT   46.15   46.55   45.8500  1530800 2002-01-02
2       LMT   46.21   46.61   46.0100   835600 2002-01-03
3       LMT   46.57   47.50   46.5700  3097300 2002-01-04
4       LMT   47.25   47.60   46.8000  1989200 2002-01-07
...     ...     ...     ...       ...      ...        ...
5031    LMT  341.16  344.35  341.0300  1311507 2021-12-22
5032    LMT  343.78  348.32  343.7800  1061270 2021-12-23
5033    LMT  347.10  350.81  347.0000   966003 2021-12-27
5034    LMT  350.06  355.17  349.5114   827730 2021-12-28
5035    LMT  353.44  355.50  352.6900   771816 2021-12-29

[5036 rows x 6 columns]","     ticker    open      high       low  volume       date
0      LITE   18.60   18.6000   17.0000   75820 2015-07-23
1      LITE   20.95   21.2000   20.0500    2345 2015-07-27
2      LITE   21.00   21.0000   19.3651    1470 2015-07-28
3      LITE   20.95   21.0025   19.2600    1900 2015-07-29
4      LITE   21.00   21.0000   21.0000     775 2015-07-30
...     ...     ...       ...       ...     ...        ...
1616   LITE  103.91  104.6900  102.5400  366451 2021-12-22
1617   LITE  104.77  105.8300  103.8100  459270 2021-12-23
1618   LITE  104.30  107.1950  104.3000  633294 2021-12-27
1619   LITE  106.65  106.8700  104.8200  465225 2021-12-28
1620   LITE  106.25  107.4700  106.2500  254165 2021-12-29

[1621 rows x 6 columns]","     ticker      open      high       low   volume       date
0      MANH    7.4775    7.5150    7.2750  1443600 2001-12-31
1      MANH    7.3975    7.3975    6.8825  1883600 2002-01-02
2      MANH    7.2000    7.6850    7.2000  5391600 2002-01-03
3      MANH    7.5375    8.5875    7.5250  3554400 2002-01-04
4      MANH    8.4375    8.5125    7.7100  2838800 2002-01-07
...     ...       ...       ...       ...      ...        ...
5030   MANH  152.5700  154.8700  151.5000   200380 2021-12-22
5031   MANH  154.7500  155.7000  154.5100   129162 2021-12-23
5032   MANH  155.7800  158.6300  154.0200   205478 2021-12-27
5033   MANH  159.1700  159.3600  156.8100   143694 2021-12-28
5034   MANH  157.4900  159.3400  156.0900   125817 2021-12-29

[5035 rows x 6 columns]","     ticker   open     high     low   volume       date
0       MRK  59.55  59.6800  58.760  5405600 2001-12-31
1       MRK  59.15  59.8500  58.100  7195100 2002-01-02
2       MRK  59.76  59.7600  58.400  7991400 2002-01-03
3       MRK  58.55  58.8900  57.950  6530900 2002-01-04
4       MRK  58.44  58.6500  58.030  5543300 2002-01-07
...     ...    ...      ...     ...      ...        ...
5031    MRK  75.44  76.5597  75.130  9256013 2021-12-22
5032    MRK  76.30  76.3000  75.350  9894892 2021-12-23
5033    MRK  76.00  76.6050  75.770  6335928 2021-12-27
5034    MRK  76.68  77.1400  76.212  5731591 2021-12-28
5035    MRK  76.80  77.1750  76.470  5926117 2021-12-29

[5036 rows x 6 columns]","     ticker     open      high       low  volume       date
0       MTH   13.125   13.2450   12.8250  291600 2001-12-31
1       MTH   13.000   13.0750   12.7525  264000 2002-01-02
2       MTH   12.770   12.8250   12.5500  133200 2002-01-03
3       MTH   12.375   12.4925   11.7750  266800 2002-01-04
4       MTH   11.750   12.0500   11.7500  141200 2002-01-07
...     ...      ...       ...       ...     ...        ...
5031    MTH  113.980  117.8900  113.8222  359375 2021-12-22
5032    MTH  118.800  118.9000  116.6000  247197 2021-12-23
5033    MTH  117.700  118.1950  116.4400  152658 2021-12-27
5034    MTH  117.840  119.7450  117.6800  136645 2021-12-28
5035    MTH  118.500  121.2000  118.2755  272388 2021-12-29

[5036 rows x 6 columns]","     ticker     open     high      low    volume       date
0      MSFT   33.920   34.240   33.125  43006200 2001-12-31
1      MSFT   33.325   33.555   32.755  48124000 2002-01-02
2      MSFT   33.555   34.625   33.545  67590800 2002-01-03
3      MSFT   34.625   34.955   34.335  52731400 2002-01-04
4      MSFT   34.875   35.010   34.175  58508800 2002-01-07
...     ...      ...      ...      ...       ...        ...
5030   MSFT  328.300  333.605  325.750  24831493 2021-12-22
5031   MSFT  332.750  336.390  332.730  19617848 2021-12-23
5032   MSFT  335.460  342.480  335.430  19947029 2021-12-27
5033   MSFT  343.150  343.810  340.320  15661467 2021-12-28
5034   MSFT  341.300  344.300  339.680  15041956 2021-12-29

[5035 rows x 6 columns]","     ticker    open    high     low  volume       date
0      MKSI   26.92   27.32   26.92  214800 2001-12-31
1      MKSI   27.05   27.48   26.13  196200 2002-01-02
2      MKSI   27.30   28.25   27.18  341900 2002-01-03
3      MKSI   28.00   28.15   27.00  186900 2002-01-04
4      MKSI   27.62   28.00   27.06  157000 2002-01-07
...     ...     ...     ...     ...     ...        ...
5030   MKSI  164.00  167.08  162.20  299430 2021-12-22
5031   MKSI  167.10  170.24  165.25  342629 2021-12-23
5032   MKSI  169.16  176.88  169.16  467846 2021-12-27
5033   MKSI  177.20  177.54  172.50  289076 2021-12-28
5034   MKSI  174.53  178.54  174.53  350693 2021-12-29

[5035 rows x 6 columns]","    ticker   open    high    low   volume       date
0       MP   9.90  10.000   9.90     1558 2020-06-22
1       MP  10.00  10.075   9.91     1097 2020-06-23
2       MP   9.80   9.800   9.78   400100 2020-06-24
3       MP   9.80   9.900   9.80   143927 2020-06-25
4       MP  10.00  10.055   9.94      405 2020-06-26
..     ...    ...     ...    ...      ...        ...
380     MP  43.87  44.850  43.10  1366111 2021-12-22
381     MP  43.59  44.190  42.50  1328495 2021-12-23
382     MP  43.99  46.490  43.78  2264387 2021-12-27
383     MP  46.50  46.750  44.17  1561176 2021-12-28
384     MP  44.70  45.230  43.50  1267414 2021-12-29

[385 rows x 6 columns]","     ticker    open    high      low   volume       date
0      NEWR   30.16   35.25   30.000  8348556 2014-12-12
1      NEWR   33.07   33.48   30.360   993426 2014-12-15
2      NEWR   30.19   31.73   30.030   285501 2014-12-16
3      NEWR   30.87   31.66   30.250   262175 2014-12-17
4      NEWR   31.27   32.70   30.000   284338 2014-12-18
...     ...     ...     ...      ...      ...        ...
1769   NEWR  109.62  111.66  107.640   530238 2021-12-22
1770   NEWR  108.61  110.45  107.920   497359 2021-12-23
1771   NEWR  108.57  112.23  107.950   716110 2021-12-27
1772   NEWR  112.00  112.50  109.550   496568 2021-12-28
1773   NEWR  109.39  110.66  107.511   972838 2021-12-29

[1774 rows x 6 columns]","     ticker    open    high     low    volume       date
0      NWSA  15.280  16.250  15.200  31981440 2013-06-19
1      NWSA  16.370  16.370  15.250   9274129 2013-06-20
2      NWSA  15.700  15.800  15.400   8323461 2013-06-21
3      NWSA  15.640  15.840  15.200   4279641 2013-06-24
4      NWSA  15.550  15.740  15.350   3577259 2013-06-25
...     ...     ...     ...     ...       ...        ...
2144   NWSA  21.670  21.960  21.650   2004218 2021-12-22
2145   NWSA  21.840  22.440  21.840   2272760 2021-12-23
2146   NWSA  22.145  22.705  22.140   3021896 2021-12-27
2147   NWSA  22.550  22.830  22.480   1646039 2021-12-28
2148   NWSA  22.660  22.805  22.525   2627486 2021-12-29

[2149 rows x 6 columns]","     ticker     open     high      low  volume       date
0      NICE    8.250    8.350    8.130   68800 2001-12-31
1      NICE    8.240    8.520    8.240   85400 2002-01-02
2      NICE    8.395    8.395    8.250   85800 2002-01-03
3      NICE    8.335    8.365    8.225   71800 2002-01-04
4      NICE    8.250    8.375    8.250   82800 2002-01-07
...     ...      ...      ...      ...     ...        ...
5029   NICE  298.180  306.270  295.410  234971 2021-12-22
5030   NICE  306.780  308.990  303.430  106889 2021-12-23
5031   NICE  309.550  310.390  305.870  124328 2021-12-27
5032   NICE  310.170  312.000  308.270   96532 2021-12-28
5033   NICE  311.150  311.990  308.700   89008 2021-12-29

[5034 rows x 6 columns]","     ticker     open      high      low   volume       date
0       NOC   43.495   44.2700   43.495  1382400 2001-12-31
1       NOC   43.775   43.7750   42.670  2143800 2002-01-02
2       NOC   42.920   43.0450   42.515  1968800 2002-01-03
3       NOC   43.045   43.8050   42.900  1326600 2002-01-04
4       NOC   43.370   43.3700   42.830  1519400 2002-01-07
...     ...      ...       ...      ...      ...        ...
5031    NOC  378.490  381.0000  378.490   715178 2021-12-22
5032    NOC  380.520  384.1700  380.010   610481 2021-12-23
5033    NOC  381.490  384.8200  381.190   362205 2021-12-27
5034    NOC  382.700  387.9450  382.005   307844 2021-12-28
5035    NOC  385.330  386.7477  384.220   365350 2021-12-29

[5036 rows x 6 columns]","     ticker   open   high    low   volume       date
0       OLN  16.25  16.59  16.01   134400 2001-12-31
1       OLN  16.34  16.39  15.25   243700 2002-01-02
2       OLN  15.70  16.45  15.70   221100 2002-01-03
3       OLN  16.20  17.41  15.15   463900 2002-01-04
4       OLN  17.17  17.18  16.10   440100 2002-01-07
...     ...    ...    ...    ...      ...        ...
5031    OLN  55.00  56.05  54.89  1091266 2021-12-22
5032    OLN  56.15  56.91  56.10   940156 2021-12-23
5033    OLN  57.00  57.92  56.70   893785 2021-12-27
5034    OLN  58.00  58.55  57.60   922164 2021-12-28
5035    OLN  57.54  58.60  57.53  1065305 2021-12-29

[5036 rows x 6 columns]","     ticker   open   high     low   volume       date
0      ORAN  40.15  40.42  39.870    28200 2001-12-31
1      ORAN  40.73  40.89  40.140    54500 2002-01-02
2      ORAN  41.44  42.70  41.310    46100 2002-01-03
3      ORAN  43.16  43.25  42.200    19800 2002-01-04
4      ORAN  41.70  41.78  40.150    48800 2002-01-07
...     ...    ...    ...     ...      ...        ...
5031   ORAN  10.51  10.62  10.500  1450697 2021-12-22
5032   ORAN  10.60  10.64  10.550  1423783 2021-12-23
5033   ORAN  10.59  10.65  10.570   829225 2021-12-27
5034   ORAN  10.65  10.68  10.620   814889 2021-12-28
5035   ORAN  10.66  10.70  10.655   691684 2021-12-29

[5036 rows x 6 columns]","     ticker     open     high      low   volume       date
0       OVV  38.7500  38.7500  37.4750   239760 2002-04-08
1       OVV  37.6250  37.6250  36.6625   328960 2002-04-09
2       OVV  36.9375  37.5000  36.9375   169040 2002-04-10
3       OVV  37.6250  37.6625  37.2375   143600 2002-04-11
4       OVV  36.9750  36.9750  35.3875   213760 2002-04-12
...     ...      ...      ...      ...      ...        ...
4965    OVV  31.8200  33.0300  31.4000  2847093 2021-12-22
4966    OVV  32.7300  32.9400  32.3700  2443046 2021-12-23
4967    OVV  32.2900  34.0000  31.9700  1776772 2021-12-27
4968    OVV  34.1900  34.4400  33.5350  1676108 2021-12-28
4969    OVV  33.6000  34.3500  33.3600  1783537 2021-12-29

[4970 rows x 6 columns]","     ticker      open      high       low   volume       date
0      PZZA    7.0875    7.0875    6.8500   643200 2001-12-31
1      PZZA    6.8700    6.9475    6.7225  1404800 2002-01-02
2      PZZA    6.7525    7.0600    6.7525  1266400 2002-01-03
3      PZZA    7.0000    7.0400    6.9500   795200 2002-01-04
4      PZZA    7.0000    7.0425    6.9400   582800 2002-01-07
...     ...       ...       ...       ...      ...        ...
5030   PZZA  131.6700  132.3600  130.1500   235290 2021-12-22
5031   PZZA  131.5000  133.6900  131.2000   283935 2021-12-23
5032   PZZA  132.6000  135.1900  132.6000   350534 2021-12-27
5033   PZZA  134.8100  135.6937  133.1500   169123 2021-12-28
5034   PZZA  134.3800  138.1000  133.5850   233442 2021-12-29

[5035 rows x 6 columns]","     ticker    open     high       low  volume       date
0      PEGA    2.00    2.225    2.0000   46600 2001-12-31
1      PEGA    2.17    2.170    2.1000    8800 2002-01-02
2      PEGA    2.14    2.500    2.1400  117800 2002-01-03
3      PEGA    2.40    2.600    2.4000   64000 2002-01-04
4      PEGA    2.50    2.740    2.5000  198000 2002-01-07
...     ...     ...      ...       ...     ...        ...
5030   PEGA  107.99  109.500  107.3800  446365 2021-12-22
5031   PEGA  109.07  110.970  108.6000  182202 2021-12-23
5032   PEGA  110.76  112.870  109.6300  248750 2021-12-27
5033   PEGA  113.20  114.090  110.4197  241714 2021-12-28
5034   PEGA  111.82  113.450  110.5000  242676 2021-12-29

[5035 rows x 6 columns]","     ticker      open    high      low   volume       date
0       PEP   49.1500   49.45   48.690  2923200 2001-12-31
1       PEP   48.5000   49.30   47.950  4791200 2002-01-02
2       PEP   49.3500   49.37   48.400  3541300 2002-01-03
3       PEP   48.9800   48.98   48.020  4047500 2002-01-04
4       PEP   47.9700   48.35   47.750  3680100 2002-01-07
...     ...       ...     ...      ...      ...        ...
5031    PEP  168.9600  169.99  168.270  4362937 2021-12-22
5032    PEP  169.9781  170.63  169.250  3241793 2021-12-23
5033    PEP  169.9850  171.56  169.765  2868961 2021-12-27
5034    PEP  171.4600  172.79  171.200  2333095 2021-12-28
5035    PEP  172.7900  173.46  171.930  2299691 2021-12-29

[5036 rows x 6 columns]","     ticker       open       high        low    volume       date
0       PFE  38.297099  38.335017  37.775728  10282948 2001-12-31
1       PFE  37.775728  37.917920  37.254356  15283433 2002-01-02
2       PFE  37.652495  37.728330  37.112164  13490929 2002-01-03
3       PFE  37.538741  37.804166  37.064767  12771481 2002-01-04
4       PFE  37.396549  37.633536  37.159562  12639933 2002-01-07
...     ...        ...        ...        ...       ...        ...
5031    PFE  59.250000  60.585000  58.220000  62594917 2021-12-22
5032    PFE  59.820000  60.080000  58.310000  39203203 2021-12-23
5033    PFE  58.850000  59.380000  58.231000  27362581 2021-12-27
5034    PFE  59.050000  59.450000  57.080000  36901704 2021-12-28
5035    PFE  57.310000  58.030000  57.070000  26170224 2021-12-29

[5036 rows x 6 columns]","     ticker   open    high     low   volume       date
0       PBI  37.80  38.430  37.440   600200 2001-12-31
1       PBI  37.46  39.000  37.430  1107100 2002-01-02
2       PBI  38.25  39.980  38.220  1701100 2002-01-03
3       PBI  39.60  39.750  39.050   878400 2002-01-04
4       PBI  39.30  39.790  39.030   707100 2002-01-07
...     ...    ...     ...     ...      ...        ...
5031    PBI   6.48   6.580   6.410  1975796 2021-12-22
5032    PBI   6.62   6.730   6.560  1688334 2021-12-23
5033    PBI   6.66   6.715   6.590  1375712 2021-12-27
5034    PBI   6.62   6.805   6.560  1476195 2021-12-28
5035    PBI   6.60   6.705   6.505  1583602 2021-12-29

[5036 rows x 6 columns]","     ticker     open     high       low   volume       date
0       PTC   18.350   19.725   18.2500  1195120 2001-12-31
1       PTC   19.475   19.675   18.7500  1116320 2002-01-02
2       PTC   18.900   20.225   18.6500  2881200 2002-01-03
3       PTC   20.875   20.875   19.4500  1010520 2002-01-04
4       PTC   19.750   20.400   19.6000  1130920 2002-01-07
...     ...      ...      ...       ...      ...        ...
5030    PTC  120.810  122.520  119.7500   484890 2021-12-22
5031    PTC  121.390  121.710  120.0800   444215 2021-12-23
5032    PTC  120.560  122.670  120.2600   404025 2021-12-27
5033    PTC  123.150  123.500  121.9207   370286 2021-12-28
5034    PTC  122.340  122.650  121.3500   259729 2021-12-29

[5035 rows x 6 columns]","     ticker    open     high       low  volume       date
0       PWR   15.50   15.900   15.0500  316700 2001-12-31
1       PWR   15.60   16.060   15.2500  303700 2002-01-02
2       PWR   16.06   16.370   15.4400  281800 2002-01-03
3       PWR   15.75   15.960   15.5200  253100 2002-01-04
4       PWR   15.92   16.110   15.8200  313200 2002-01-07
...     ...     ...      ...       ...     ...        ...
5031    PWR  111.17  111.750  110.1250  692310 2021-12-22
5032    PWR  111.96  113.040  111.5100  493092 2021-12-23
5033    PWR  112.35  114.440  112.0618  608066 2021-12-27
5034    PWR  114.40  115.670  114.1050  432205 2021-12-28
5035    PWR  114.42  115.335  114.0700  412828 2021-12-29

[5036 rows x 6 columns]","     ticker       open       high        low   volume       date
0       RTX  13.705671  13.906973  13.538633  2558473 2001-12-31
1       RTX  13.876992  13.876992  13.577180  3227394 2002-01-02
2       RTX  13.277369  13.705671  13.277369  4134463 2002-01-03
3       RTX  13.628576  13.628576  13.277369  3743384 2002-01-04
4       RTX  13.405859  13.568614  13.375878  3342266 2002-01-07
...     ...        ...        ...        ...      ...        ...
5031    RTX  83.480000  84.745000  83.430000  3852823 2021-12-22
5032    RTX  84.560000  85.200000  84.516000  2649972 2021-12-23
5033    RTX  84.720000  85.395000  84.235000  2743914 2021-12-27
5034    RTX  85.070000  86.350000  84.780000  3220113 2021-12-28
5035    RTX  85.580000  86.070000  85.220000  2085270 2021-12-29

[5036 rows x 6 columns]","     ticker    open      high     low  volume       date
0       RHI   26.73   27.2500   26.58  340700 2001-12-31
1       RHI   26.00   26.5400   25.30  478600 2002-01-02
2       RHI   26.25   27.0000   26.20  324600 2002-01-03
3       RHI   27.00   27.7500   27.00  576500 2002-01-04
4       RHI   27.45   27.4500   26.79  360500 2002-01-07
...     ...     ...       ...     ...     ...        ...
5031    RHI  107.61  108.2300  107.06  403129 2021-12-22
5032    RHI  108.28  109.6004  108.28  317368 2021-12-23
5033    RHI  109.38  111.6200  109.30  235401 2021-12-27
5034    RHI  111.44  112.2600  111.18  228782 2021-12-28
5035    RHI  111.44  112.4700  111.44  268362 2021-12-29

[5036 rows x 6 columns]","    ticker     open      high       low    volume       date
0     RBLX   64.500   74.8300   60.5000  97069337 2021-03-10
1     RBLX   74.930   77.7800   70.1300  59629264 2021-03-11
2     RBLX   72.470   72.9600   69.1100  19714717 2021-03-12
3     RBLX   70.020   74.0600   66.2500  19607068 2021-03-15
4     RBLX   73.730   78.0000   73.1800  30274438 2021-03-16
..     ...      ...       ...       ...       ...        ...
200   RBLX  102.280  106.9799  101.5400  12469741 2021-12-22
201   RBLX  102.355  103.2150   98.0815   9023851 2021-12-23
202   RBLX  101.600  108.7800  101.6000  16094490 2021-12-27
203   RBLX  104.790  106.6900   97.9200  16707128 2021-12-28
204   RBLX   98.700   99.5350   94.2750  10005068 2021-12-29

[205 rows x 6 columns]","     ticker   open   high      low  volume       date
0         R  22.27  22.28  22.0200  278300 2001-12-31
1         R  22.05  22.24  21.7700  455100 2002-01-02
2         R  22.00  22.25  21.8200  686600 2002-01-03
3         R  22.22  22.79  22.1500  326200 2002-01-04
4         R  22.77  23.28  22.5500  541100 2002-01-07
...     ...    ...    ...      ...     ...        ...
5031      R  78.84  79.00  77.9600  298031 2021-12-22
5032      R  78.79  79.69  78.6300  231446 2021-12-23
5033      R  79.08  80.38  78.7401  195127 2021-12-27
5034      R  80.08  81.75  80.0800  294139 2021-12-28
5035      R  80.87  81.79  80.5300  181593 2021-12-29

[5036 rows x 6 columns]","     ticker      open      high       low    volume       date
0       CRM    3.7500    4.3250    3.6875  43574400 2004-06-23
1       CRM    4.3875    4.4225    4.1250   8887200 2004-06-24
2       CRM    4.1275    4.1875    3.9475   6710000 2004-06-25
3       CRM    4.0000    4.0525    3.8600   2270800 2004-06-28
4       CRM    4.0000    4.1750    3.9575   2112000 2004-06-29
...     ...       ...       ...       ...       ...        ...
4408    CRM  253.4200  254.2600  249.5100   4982392 2021-12-22
4409    CRM  251.2300  254.3100  249.3350   3769478 2021-12-23
4410    CRM  253.3900  258.4300  253.2400   3532542 2021-12-27
4411    CRM  259.7300  260.7800  254.9380   3296365 2021-12-28
4412    CRM  256.0000  256.4300  253.1200   2592745 2021-12-29

[4413 rows x 6 columns]","     ticker    open      high     low    volume       date
0        SE   16.25   16.9900   14.00  37563694 2017-10-20
1        SE   16.10   16.3990   15.12   5753830 2017-10-23
2        SE   15.40   15.8597   14.77   3748832 2017-10-24
3        SE   15.10   15.4300   13.62   4408121 2017-10-25
4        SE   13.82   14.1600   13.81   1850003 2017-10-26
...     ...     ...       ...     ...       ...        ...
1050     SE  224.22  228.0000  219.01   3411236 2021-12-22
1051     SE  222.10  224.6800  215.56   2624983 2021-12-23
1052     SE  224.58  226.4599  217.51   2378808 2021-12-27
1053     SE  219.17  223.3799  216.27   2575327 2021-12-28
1054     SE  216.01  217.3950  210.86   1927875 2021-12-29

[1055 rows x 6 columns]","     ticker    open     high      low    volume       date
0       NOW   23.75   24.750   22.830  10922574 2012-06-29
1       NOW   24.75   25.200   24.100    656652 2012-07-02
2       NOW   24.85   25.320   24.600    401048 2012-07-03
3       NOW   25.50   26.260   25.140    540959 2012-07-05
4       NOW   25.75   26.120   25.100    355017 2012-07-06
...     ...     ...      ...      ...       ...        ...
2386    NOW  631.46  648.890  625.600   1010707 2021-12-22
2387    NOW  645.96  651.690  641.025    664722 2021-12-23
2388    NOW  655.98  664.945  651.970    681109 2021-12-27
2389    NOW  667.64  667.640  653.000    482349 2021-12-28
2390    NOW  655.18  658.860  646.020    441753 2021-12-29

[2391 rows x 6 columns]","     ticker   open    high    low   volume       date
0       LUV  18.65  18.970  18.48  1765500 2001-12-31
1       LUV  18.25  18.620  18.17  2379600 2002-01-02
2       LUV  18.55  18.970  18.25  4381100 2002-01-03
3       LUV  18.85  19.190  18.62  3109100 2002-01-04
4       LUV  19.19  19.240  18.97  2200400 2002-01-07
...     ...    ...     ...    ...      ...        ...
5030    LUV  40.85  41.600  40.46  8615974 2021-12-22
5031    LUV  41.78  41.970  41.20  6587811 2021-12-23
5032    LUV  41.03  41.905  40.68  6929243 2021-12-27
5033    LUV  41.61  42.780  41.42  6563717 2021-12-28
5034    LUV  42.23  42.560  41.80  6724002 2021-12-29

[5035 rows x 6 columns]","     ticker   open     high      low    volume       date
0       SPR  27.55  29.3000  27.4800  27320500 2006-11-21
1       SPR  29.10  29.6400  28.5400   4224900 2006-11-22
2       SPR  29.10  29.6400  28.5400   4224900 2006-11-23
3       SPR  29.00  29.0600  28.7600    714100 2006-11-24
4       SPR  29.00  29.0600  28.7600    714100 2006-11-25
...     ...    ...      ...      ...       ...        ...
3803    SPR  43.67  44.5000  43.3100   1324356 2021-12-22
3804    SPR  44.19  44.7540  43.6780   1006663 2021-12-23
3805    SPR  43.74  44.0764  42.9102    864566 2021-12-27
3806    SPR  43.84  45.0200  43.6350   1940931 2021-12-28
3807    SPR  44.11  44.3700  43.1100   1083368 2021-12-29

[3808 rows x 6 columns]","     ticker    open    high       low   volume       date
0       SWK   46.50   46.97   46.4000   169600 2001-12-31
1       SWK   46.58   46.58   45.5400   537200 2002-01-02
2       SWK   44.65   45.35   44.4800   808500 2002-01-03
3       SWK   45.25   45.40   44.5000   758700 2002-01-04
4       SWK   44.80   44.80   44.0000   448200 2002-01-07
...     ...     ...     ...       ...      ...        ...
5031    SWK  178.56  180.68  178.0050  1013550 2021-12-22
5032    SWK  180.29  183.03  179.5925  1152955 2021-12-23
5033    SWK  182.84  184.44  181.4100   885987 2021-12-27
5034    SWK  184.20  186.82  183.8150   883483 2021-12-28
5035    SWK  186.33  188.30  186.1200   968787 2021-12-29

[5036 rows x 6 columns]","     ticker   open   high     low    volume       date
0       SUM  20.16  20.99  19.650  14240903 2015-03-12
1       SUM  21.02  21.49  20.190   1071314 2015-03-13
2       SUM  20.85  21.34  20.820    493382 2015-03-16
3       SUM  20.78  22.25  20.600    785940 2015-03-17
4       SUM  21.61  22.33  21.230    424375 2015-03-18
...     ...    ...    ...     ...       ...        ...
1709    SUM  38.66  39.39  38.560    366173 2021-12-22
1710    SUM  39.37  39.76  39.290    257968 2021-12-23
1711    SUM  39.50  39.88  39.115    244405 2021-12-27
1712    SUM  39.75  40.44  39.520    235724 2021-12-28
1713    SUM  40.36  40.71  40.180    237822 2021-12-29

[1714 rows x 6 columns]","     ticker     open     high      low   volume       date
0      SNPS   29.750   29.860   29.525  1289800 2001-12-31
1      SNPS   29.500   29.570   28.975  2094400 2002-01-02
2      SNPS   29.410   29.715   29.010  2566000 2002-01-03
3      SNPS   29.275   29.300   28.725  5166200 2002-01-04
4      SNPS   28.990   29.235   28.755  4092000 2002-01-07
...     ...      ...      ...      ...      ...        ...
5030   SNPS  359.070  365.330  358.035   474606 2021-12-22
5031   SNPS  364.370  368.890  363.745   407892 2021-12-23
5032   SNPS  368.370  375.720  368.360   893948 2021-12-27
5033   SNPS  376.920  377.600  369.980   472307 2021-12-28
5034   SNPS  372.050  374.480  368.370   530915 2021-12-29

[5035 rows x 6 columns]","     ticker      open    high      low    volume       date
0      TMUS   50.2000   59.90   49.000  15889350 2007-04-19
1      TMUS   54.8000   57.60   54.200   3054750 2007-04-20
2      TMUS   57.2000   57.88   56.580   1876400 2007-04-23
3      TMUS   57.0200   58.80   57.020   1532950 2007-04-24
4      TMUS   59.1000   59.50   57.020   1224750 2007-04-25
...     ...       ...     ...      ...       ...        ...
3697   TMUS  120.5100  122.56  120.000   3400225 2021-12-22
3698   TMUS  120.7101  121.75  119.880   3020822 2021-12-23
3699   TMUS  119.9600  120.06  118.315   3397704 2021-12-27
3700   TMUS  119.0000  120.31  117.800   3706615 2021-12-28
3701   TMUS  119.1800  119.29  116.880   3389756 2021-12-29

[3702 rows x 6 columns]","     ticker   open    high    low   volume       date
0      TRGP  24.51  26.000  24.40   865113 2010-12-08
1      TRGP  25.35  26.250  25.34   877757 2010-12-09
2      TRGP  25.37  25.790  25.29   436875 2010-12-10
3      TRGP  25.50  26.690  25.49   397730 2010-12-13
4      TRGP  26.40  26.600  25.79   250497 2010-12-14
...     ...    ...     ...    ...      ...        ...
2779   TRGP  50.63  51.190  49.82  1259023 2021-12-22
2780   TRGP  51.33  51.460  50.81   611964 2021-12-23
2781   TRGP  51.13  52.590  50.62   852829 2021-12-27
2782   TRGP  52.51  53.445  52.14   934193 2021-12-28
2783   TRGP  51.64  52.420  51.60   665285 2021-12-29

[2784 rows x 6 columns]","     ticker   open    high     low   volume       date
0      TECK  56.20  59.440  56.200    94600 2006-06-29
1      TECK  59.55  60.140  59.330    45100 2006-06-30
2      TECK  60.43  61.880  60.250    57100 2006-07-03
3      TECK  60.90  61.080  59.100    81700 2006-07-05
4      TECK  59.92  61.230  59.750   189900 2006-07-06
...     ...    ...     ...     ...      ...        ...
3899   TECK  27.36  28.095  27.340  2434230 2021-12-22
3900   TECK  28.12  28.465  28.050  1897298 2021-12-23
3901   TECK  28.30  28.770  28.100  1317991 2021-12-27
3902   TECK  28.67  28.950  28.585  1330324 2021-12-28
3903   TECK  28.50  28.860  28.190  1637872 2021-12-29

[3904 rows x 6 columns]","     ticker    open    high      low   volume       date
0       ALL   33.99   34.40   33.510  1769200 2001-12-31
1       ALL   33.61   33.67   33.000  2036600 2002-01-02
2       ALL   33.15   33.30   32.380  2567500 2002-01-03
3       ALL   32.40   32.80   32.300  1795000 2002-01-04
4       ALL   32.70   33.26   32.520  2327200 2002-01-07
...     ...     ...     ...      ...      ...        ...
5032    ALL  113.18  113.95  112.875  1092016 2021-12-22
5033    ALL  114.06  115.20  113.750  1063062 2021-12-23
5034    ALL  114.16  116.13  113.760  1116319 2021-12-27
5035    ALL  115.92  117.45  115.910  1311093 2021-12-28
5036    ALL  117.19  118.42  116.950  1511289 2021-12-29

[5037 rows x 6 columns]","     ticker    open      high     low   volume       date
0        BA   39.19   39.4200   38.78  2308900 2001-12-31
1        BA   38.54   38.6700   37.85  3545800 2002-01-02
2        BA   38.40   39.0000   38.32  3491900 2002-01-03
3        BA   39.65   40.4000   39.42  4081100 2002-01-04
4        BA   41.00   41.8900   40.92  6111900 2002-01-07
...     ...     ...       ...     ...      ...        ...
5032     BA  199.46  202.9300  197.94  8145344 2021-12-22
5033     BA  202.13  205.1300  201.32  7415194 2021-12-23
5034     BA  201.99  203.4300  199.10  7826624 2021-12-27
5035     BA  202.23  208.9373  201.65  8885989 2021-12-28
5036     BA  205.36  205.4100  202.60  6119004 2021-12-29

[5037 rows x 6 columns]","     ticker   open     high     low   volume       date
0        CC  21.00  22.2500  20.500  2636060 2015-06-19
1        CC  21.25  21.8000  20.030   821903 2015-06-22
2        CC  19.67  20.0000  17.731  1500109 2015-06-23
3        CC  17.50  17.5000  16.550  1171422 2015-06-24
4        CC  16.80  16.9600  14.663  2191354 2015-06-25
...     ...    ...      ...     ...      ...        ...
1640     CC  31.92  32.3200  31.800   993178 2021-12-22
1641     CC  32.14  32.2000  31.580  1086125 2021-12-23
1642     CC  31.92  32.6100  31.660  1214970 2021-12-27
1643     CC  32.69  33.5866  32.520  1344854 2021-12-28
1644     CC  32.76  33.3500  32.750  1307380 2021-12-29

[1645 rows x 6 columns]","     ticker    open      high       low   volume       date
0        GS   93.03   93.8000   92.7200  1228700 2001-12-31
1        GS   92.80   92.8100   89.2700  3592600 2002-01-02
2        GS   91.07   92.6500   90.7700  2645700 2002-01-03
3        GS   94.35   96.7800   94.3500  5745900 2002-01-04
4        GS   97.25   97.2500   95.0500  3136700 2002-01-07
...     ...     ...       ...       ...      ...        ...
5031     GS  380.42  384.0050  379.2650  1487922 2021-12-22
5032     GS  383.79  387.6100  383.5700  1624168 2021-12-23
5033     GS  386.99  389.1100  385.0001  1430760 2021-12-27
5034     GS  388.93  391.3328  386.2350  1528340 2021-12-28
5035     GS  387.97  389.4600  384.4200  1327800 2021-12-29

[5036 rows x 6 columns]","     ticker      open      high       low    volume       date
0       TJX   5.00500   5.07500   4.95625   8537600 2001-12-31
1       TJX   4.98250   4.99625   4.90125  12020000 2002-01-02
2       TJX   4.93125   4.96250   4.86375  10510400 2002-01-03
3       TJX   4.90625   5.03750   4.90625   8682400 2002-01-04
4       TJX   5.03750   5.03750   4.95250   6711200 2002-01-07
...     ...       ...       ...       ...       ...        ...
5031    TJX  74.02000  74.43000  73.46000   4852479 2021-12-22
5032    TJX  74.09000  74.39000  73.50000   4625854 2021-12-23
5033    TJX  73.74000  74.53000  73.73000   3165561 2021-12-27
5034    TJX  74.17000  75.29500  74.17000   2982489 2021-12-28
5035    TJX  74.74000  75.92000  74.70000   2884253 2021-12-29

[5036 rows x 6 columns]","     ticker    open      high     low    volume       date
0      TWLO   23.99   29.6100   23.66  21299009 2016-06-23
1      TWLO   27.54   28.7390   26.05   4670689 2016-06-24
2      TWLO   27.35   28.1900   26.30   3929574 2016-06-27
3      TWLO   30.40   33.4114   29.57  10620519 2016-06-28
4      TWLO   31.98   37.1900   31.75  13782994 2016-06-29
...     ...     ...       ...     ...       ...        ...
1385   TWLO  275.96  279.8000  264.69   1998407 2021-12-22
1386   TWLO  267.33  270.6999  260.69   1941408 2021-12-23
1387   TWLO  266.44  268.8000  261.85   1660228 2021-12-27
1388   TWLO  262.80  264.9600  258.14   1952918 2021-12-28
1389   TWLO  257.54  259.8800  253.11   1469648 2021-12-29

[1390 rows x 6 columns]","    ticker   open   high      low     volume       date
0     UBER  42.00  45.00  41.0600  186322540 2019-05-10
1     UBER  38.79  39.24  36.0800   79442420 2019-05-13
2     UBER  38.31  39.96  36.8500   46661147 2019-05-14
3     UBER  39.37  41.88  38.9500   36086065 2019-05-15
4     UBER  41.48  44.06  41.2500   38115524 2019-05-16
..     ...    ...    ...      ...        ...        ...
661   UBER  41.95  43.23  41.4500   27675666 2021-12-22
662   UBER  43.03  44.35  42.7600   21763417 2021-12-23
663   UBER  43.44  44.24  42.8201   28284981 2021-12-27
664   UBER  42.60  43.74  42.3000   21480952 2021-12-28
665   UBER  42.72  42.93  41.8150   15908613 2021-12-29

[666 rows x 6 columns]","     ticker    open      high     low   volume       date
0       UPS   54.90   54.9600   54.50  1198500 2001-12-31
1       UPS   54.55   54.7100   54.25  1004500 2002-01-02
2       UPS   54.50   55.4600   54.50  2075900 2002-01-03
3       UPS   55.70   56.9900   55.63  2813900 2002-01-04
4       UPS   56.85   57.1500   56.67  1812000 2002-01-07
...     ...     ...       ...     ...      ...        ...
5031    UPS  207.32  208.5700  206.54  1716495 2021-12-22
5032    UPS  209.21  213.2176  209.21  2573922 2021-12-23
5033    UPS  212.89  215.6100  212.60  1807262 2021-12-27
5034    UPS  214.56  216.1460  213.73  1375697 2021-12-28
5035    UPS  214.53  216.3400  213.81  1155136 2021-12-29

[5036 rows x 6 columns]","     ticker      open      high       low   volume       date
0       UNH   17.7575   17.9850   17.6450  4166400 2001-12-31
1       UNH   17.5000   17.6725   17.2875  4607200 2002-01-02
2       UNH   17.4275   17.5725   17.3000  5070000 2002-01-03
3       UNH   17.4400   17.6075   17.3875  2894800 2002-01-04
4       UNH   17.5500   17.6175   17.1500  3896800 2002-01-07
...     ...       ...       ...       ...      ...        ...
5032    UNH  487.1500  495.4500  485.9000  1687590 2021-12-22
5033    UNH  495.0000  498.1500  492.8100  1706591 2021-12-23
5034    UNH  498.6800  500.3000  496.6400  1349434 2021-12-27
5035    UNH  502.0000  505.3200  500.4000  1495560 2021-12-28
5036    UNH  504.7800  507.2200  502.0000  1573962 2021-12-29

[5037 rows x 6 columns]","     ticker       open       high        low   volume       date
0       VFC  10.325295  10.580175  10.269540   654990 2001-12-31
1       VFC  10.420875  10.492560  10.394325   719020 2002-01-02
2       VFC  10.434150  10.686375  10.407600   882485 2002-01-03
3       VFC  10.691685  10.938600  10.691685   493785 2002-01-04
4       VFC  10.872225  10.888155  10.789920   409039 2002-01-07
...     ...        ...        ...        ...      ...        ...
5031    VFC  70.010000  70.380000  69.130000  1714222 2021-12-22
5032    VFC  69.420000  69.800000  68.480000  1944299 2021-12-23
5033    VFC  69.640000  71.120000  69.550000  1588733 2021-12-27
5034    VFC  71.050000  72.165000  70.976100  1178029 2021-12-28
5035    VFC  71.890000  72.940000  71.640000  1457837 2021-12-29

[5036 rows x 6 columns]"
